Temperature,Humidity,WindSpeed,CloudCover,Rain
24.36350297118406,75.85293712157961,4.628323220965491,51.908178513621806,1
38.767857660247905,62.88770930752963,13.547523684458953,47.9181877629731,0
33.29984854528513,44.76220930290622,21.823645896910207,2.5642065806435688,0
29.966462104925917,85.10360157655589,18.30562216023903,34.12478276261564,0
18.900466011060914,74.77849380431034,20.164028696536242,38.019561878585705,0
18.899863008405067,33.00935514759131,16.469584167767934,39.88227808969005,0
16.452090304204987,92.8741747595074,17.306914112946313,58.017236922733225,1
36.654403644373375,85.80297943385352,21.229891289132983,53.360254672687844,1
30.02787529358022,95.98399306335392,6.241700221479649,60.79050927934446,1
32.70181444490114,78.0575606710688,12.235624091078511,76.48832615421283,1
15.51461235739506,69.07321567486319,5.530236045490056,81.29857387160935,0
39.247746304049855,53.45944290324951,24.691700199916173,71.81230762264944,0
35.81106602001054,94.61827866832107,23.601483492165332,95.55236959549347,1
20.308477766956905,89.28511116003267,0.9856702842126475,1.823258267636163,0
19.545624180177516,23.617493608495153,17.63937931289221,19.57779856835461,0
19.585112746335845,22.109357959780162,23.131207935391647,0.756287497814212,0
22.60605607398844,50.117069350243966,4.514383628183339,64.7474714154603,0
28.11891079080595,84.84426646254663,14.198630763815737,89.8030548949987,1
25.798625466052894,98.98209034519556,22.887207439701047,24.34822965762993,0
22.28072850495105,32.033351288282255,0.848649464644971,92.70345447963066,0
30.296322368059485,67.5304572281708,17.435506681171,6.026739028956085,0
18.487346516301045,50.47126853048172,7.4337251843137695,93.44360268055144,0
22.303616213380455,97.59315182516826,23.10990488441326,35.16226872396344,0
24.159046082342293,87.36951385085669,24.276456129134193,10.142082844921651,0
26.4017496054259,87.06629637689103,23.606662227835848,48.58717591863256,0
34.62939903482534,57.49545278359762,11.855355416436595,25.677656772050796,0
19.991844553958995,53.185560187013216,21.551066274732836,28.487290196192284,0
27.85586096034029,41.8725657544565,21.11373496337676,30.728996492628657,0
29.810364221551062,24.51003973207417,7.977511831081391,80.30258978326634,0
16.161260317999943,89.17779010040425,20.722886853766934,53.91612766752545,1
30.18862129753596,85.03208073040621,0.9251908678873155,31.130769915600364,0
19.263103092182288,99.97741386289044,14.906746962051326,61.03337833109184,1
16.62628982463199,99.73094696591244,5.750220932192576,71.61506742231936,1
38.722138431333335,64.4345364482102,3.0141721444319702,27.262400073353376,0
39.14080082686398,81.51899321444084,1.923830040730229,41.354910152535155,0
35.20993370291153,95.58125839059424,17.407219396953494,12.188609333694755,0
22.61534422933427,87.97179125419292,8.496874094201653,18.11493495346803,0
17.441802850159597,39.78784813945581,18.119169288219037,68.11178539649828,0
32.10582566280392,56.04353082480748,1.6339085199735592,18.143834769562694,0
26.003812343490033,30.3327532121196,7.882258445765259,52.516338366706016,0
18.05095587111947,96.32408218069779,13.487282309383431,70.90462617224327,1
27.379422752781757,68.49397075607041,19.76807912097409,10.687692309474384,0
15.85971302788046,38.29142444027702,7.968812573301748,56.73122196289035,0
37.73301005196955,73.73605475246853,15.647284410925227,25.656278370136377,0
21.469499540000424,69.45025923663167,22.149443705904677,96.29268752375798,0
31.56305710884955,48.65301744262724,15.396579704557615,48.35456467199247,0
22.792776902235275,29.08460737597032,5.823986868840844,80.59925497751581,0
28.00170052944527,73.72585564742397,0.6100195389134505,55.022654215626176,1
28.66775698358199,61.62461607230347,21.752471847523246,4.341253285481916,0
19.621361388138176,81.78547133885115,0.5317352712596785,63.31513755940223,1
39.239615694113965,61.61308008895947,21.867541817104986,95.14033422066571,0
34.37832058402786,88.1745200254832,13.2234283506803,60.16118201463312,1
38.48747353910473,64.15254710195885,23.476692462822406,81.91888594267903,0
37.37068376069122,64.87503772283091,19.969580894341636,88.42064633484078,0
29.94749947027713,90.1322882126676,24.948352763333435,22.807977194893247,0
38.04685587557792,52.27862929699177,8.767795386292754,21.204483990822666,0
17.212312551297988,30.72121827605126,19.17970722327817,61.09809888509917,0
19.89957156047863,22.302614105067118,10.048272840231053,41.10284698067047,0
16.13068222276345,80.41098045388952,11.99689050759772,83.98613028667204,1
23.133258269081608,69.62476410827718,15.687636580459252,90.00231233980112,0
24.71693224223705,76.32638144793788,21.84192785465847,35.34213793027181,0
21.783725794347397,37.03713292071286,24.60208672998238,23.687055897448207,0
35.718437728798236,30.90971804694158,19.206835346612955,78.05255152438619,0
23.918833167339734,21.163573253430556,10.444169554183343,27.48060355481361,0
22.023362742184517,48.04700470452776,10.533925056926755,82.26143185136785,0
28.567402078956214,67.19341494837064,18.439557539722287,42.37382536487628,0
18.523105624369066,51.379523607978584,5.969428644207558,66.75498992914704,0
35.054924518850996,54.99799376189833,2.7618528282848667,9.553531383466819,0
16.863766091994272,92.33269555949987,8.865553941019414,62.3859324676573,1
39.672173415012935,47.86043736186403,7.180974791352043,45.17676787372291,0
34.306119232416435,61.119159132784866,7.407703011399752,58.66084631754741,0
19.96789203835431,82.69224101929144,5.840193776247748,16.801420774486342,0
15.13805292809006,51.72342258570161,1.052329740909047,73.68737449441821,0
35.386535711370854,69.76693601822987,0.44684836833534525,86.27970775432286,0
32.671433596190425,88.98909669973962,24.693059743400788,21.673980009077564,0
33.22517920102469,95.96164989261138,10.694328343396558,9.571455552016172,0
34.281758667148644,31.765878474323035,9.608166178992041,2.3638586046336396,0
16.85111629335226,94.12701001291956,16.991182067326747,64.1971500443266,1
23.961643213606813,59.369303446363055,5.456347196626604,60.70940360887808,0
17.896726488128245,40.659551063916666,23.749029598755634,54.669741271407005,0
36.57758564688984,56.7308604990609,19.6586253603888,23.194709611597542,0
30.58245317068895,98.40260602283817,2.2352750578064877,39.09059959055147,0
23.27245062131623,59.40944751942957,10.43951939462321,59.4476335186173,0
16.588958757150593,46.300128823000655,21.97795768905412,49.67668588591694,0
22.774558042891556,70.67206834533806,23.618300557285256,98.77855202148874,1
23.12958305066868,39.21164950225545,11.685037781246743,13.643975255673313,0
33.2401544584516,26.06906624869311,15.335284730267693,69.51445540475937,0
30.93893678388033,30.310377752851938,4.17584865230188,40.431876810429216,0
37.18031856440817,30.243667116621793,24.779215653424412,42.819961492561475,0
26.805373129048732,32.15221548098355,5.791792534586085,71.75977656581762,0
17.98985614845754,31.10617381195281,23.568294353378143,69.24361513243696,0
32.83111968057487,71.26997958425717,16.241166224809213,99.12559937021884,1
34.019626215422434,34.55040675193159,15.193419871971479,12.839428945412523,0
29.031929939237408,47.65338266590906,12.817212775412715,10.410964938416633,0
34.27417949886403,91.74307279248094,5.766745292943967,72.43388171287411,1
27.344889909109767,57.916931221029785,4.413200800137707,57.83869170064091,0
28.06832073454985,73.40461908168217,5.512155226754384,27.416066655980586,0
25.68852545896374,33.78558969613039,4.660956553606363,7.9419368988986605,0
15.63547816860238,35.38312150469366,19.489611839168834,8.565824959643054,0
17.69728567483261,23.26948930131831,8.753131479168253,89.41908746641182,0
15.785729642168356,33.514805045773166,1.4460669140849092,19.18673247187429,0
30.91026028159451,42.287227122556686,24.227565753520285,32.33715621155208,0
22.858899526908168,34.160838742139745,22.094647124085643,22.6656402226988,0
27.71426727911757,27.096202700564447,23.193807079880322,35.49963058319373,0
37.689161848152324,29.650869688048065,24.872695566160882,6.942384274609337,0
21.232305728721872,56.86230144261806,4.347381230487183,51.90597909082704,0
25.259573075890742,36.5066974724634,9.906050472566468,6.76125635922149,0
33.888778463576216,49.14158888384604,18.955961892602282,80.03565078223616,0
20.71995413729056,60.27338166838855,17.400515451344805,23.3712081910433,0
16.924497745719826,75.23158629034923,3.8473976584963765,54.00119146045106,1
22.2437863228442,23.144971187287915,20.395828124765444,88.00790875614582,0
19.03053218135011,83.95283191272341,5.611014295916517,65.08773690471942,1
38.242441308564324,70.23203115927262,5.595440370565577,53.29577865513353,1
35.20300948911043,26.540722555909753,13.42436057233534,32.43337531153756,0
30.835093912760584,89.88628992854218,14.823498371042579,33.300191305819794,0
36.786514754692945,93.66979204254505,14.50215519594528,66.94869551981901,1
35.09180192247786,24.8862367883891,2.287170934943872,99.41393612211675,0
19.664251472150895,42.1502118517763,21.93652156575951,66.18391898493786,0
37.313974962249446,84.4961023834449,6.6400010647176515,55.77834173700249,1
28.48355604789127,79.86077523069267,3.2378730320701044,73.06505102392461,1
35.18600387910156,34.76168154851018,22.21870199672443,46.52056122837182,0
37.40228249808733,36.747945866936824,23.891287455743836,6.0142342600785215,0
22.950086874296595,49.63776822331056,21.553190431636267,56.22968158779098,0
17.75129811319192,58.761838815281706,20.237901868121952,95.76252845053801,0
20.698379063548543,69.46038172242368,16.381049515975544,17.530294235765965,0
25.677694715656408,49.51309116558179,13.771434265228482,69.00048908206658,0
35.45036914806233,57.002777290651835,2.1746689977852536,20.093368865905646,0
36.51826458140859,79.79767505070052,10.211330326767468,53.582768447308126,1
15.173803263279767,22.934656231247832,9.31721292530785,9.667644964671961,0
27.768682564439143,40.19495554752166,6.493844594008155,45.037093625818514,0
25.435275078719474,77.0679668707642,18.085502842214623,75.61633288952461,1
20.552695261768257,91.61654701497595,12.39689337696927,34.757152423898205,0
17.99663418334207,60.93419536925329,2.0261553976911983,66.4911724487218,0
23.4403792850907,62.569078821225254,5.504580048745283,79.54499607897291,0
38.572742597812976,28.573760907182084,17.081469091489897,92.71778194794527,0
23.080073300518883,55.79298934587637,1.9032714872575047,23.464208185545353,0
27.969765543584153,62.60938131640185,21.280172851219216,39.931591580930814,0
32.57547397237944,39.39764029077837,12.378663175349358,15.241601333041743,0
24.09074005948235,41.539458475950475,12.0146644331662,99.24835021583752,0
39.29455206802402,50.18273304836981,14.81019461648794,92.70009679242953,0
39.06118237355278,21.60569582221811,20.617024148128728,53.99571302805596,0
21.294557395634104,45.76633324665426,8.695230197554826,84.20332943764213,0
27.431212647309636,36.91584055972357,16.95040381397659,52.09579772720422,0
22.521957745419243,46.19978817423317,14.143299099894776,62.35856880027597,0
22.12101235943669,29.580970545540097,6.675706754235533,8.912443211601662,0
15.92217368386332,91.2421824591916,21.96574965887895,75.52704204968079,1
30.23910834949742,67.48739628432389,19.935650540173203,12.771348363523483,0
27.56697558072154,74.32818553155917,16.461295866460638,82.60676302525283,1
16.286968781249733,83.13369908858706,21.264543227356047,78.20280876703859,1
21.966161605915286,59.87537591432458,21.682355023995058,70.87446977429764,0
37.70664714916634,26.953623046993897,17.70907441787587,3.6160380524762115,0
20.989047266674312,62.968523345483824,20.9253332090918,30.31283559453286,0
18.622371802280576,66.94728944167034,17.43678654173209,26.311256991084285,0
27.236319006939077,79.6351579347464,17.00351929400751,36.01364074715191,0
39.641261352765014,54.53276369837435,15.465284455379608,8.764274676383854,0
21.05138178778751,30.2064242236451,18.81791598894103,93.69578230310628,0
31.803388685146963,42.702072463897956,3.9651276323268423,55.38022407123763,0
34.04049038321794,49.046583711890804,22.02176897997321,30.552431065802356,0
20.940938599809993,71.67337930652809,21.7960881936308,39.698151707428345,0
33.205408715296485,65.66226437351295,0.7311820758639787,44.72025405048357,0
24.194578317981332,48.4877380718277,20.645418764119068,60.05943333606173,0
30.807645764839485,98.92121990343837,3.2217466868361297,51.567942769649775,1
30.838242769022365,68.46198554855097,8.377971356478547,91.93919732144174,0
28.394367101868962,38.97814333887956,18.587706407290195,49.696348290583025,0
17.257244251360206,28.1425978096323,4.018997401207705,99.21580148233127,0
35.88256238973095,32.22873113474656,20.449175602976556,85.14249577450957,0
23.019501624293397,39.67661827076065,20.803354448943548,20.85105143573358,0
19.662962759996354,32.85450986076445,12.686693344020906,93.05952146439162,0
16.0193785388691,34.925361924104465,0.1596467929208395,11.636639788547608,0
29.772323579706047,42.807613495507766,7.1759533293728195,81.74497084911916,0
31.93910904605706,33.86988762358038,15.423172959393556,38.06232934765801,0
15.414695723196404,91.74123397011401,24.529654450685587,87.79743204450695,1
27.802326457482025,26.418699652931377,15.79533817541671,86.80566901074504,0
20.66239437994845,61.960911165620374,6.495089526603995,80.59254001176211,0
31.129319760236246,52.83174615917292,15.850142577490283,79.00304363070614,0
19.359160725124788,98.59028935268852,13.499634492896387,30.46791390980408,0
32.27344345256165,28.963112173444188,19.49613487877859,8.091928305125219,0
24.668383657513434,51.82844792365933,2.6745159706739603,40.29801787651615,0
38.418249718418366,97.55763466202951,19.0256975625507,17.35245149865087,0
18.43802360364983,89.24057007151842,13.531664466902757,69.49510889024617,1
23.52665877625646,85.3657656759424,24.074800096474867,34.609972653778556,0
17.83683803101473,40.632226163595185,8.546804150967152,97.56102008599149,0
38.11734045696407,33.67100699120527,15.815547328348703,64.0972077345332,0
36.93348383452452,73.49145759395448,23.300702637750437,82.24805636343609,1
21.44854069287889,94.35007913020686,2.5627431997669814,13.252467274184843,0
31.499601150854478,64.54103144111438,23.43071218091128,86.20144822726226,0
35.4305550050304,65.72901515759199,17.197143057520332,92.27571905133944,0
28.880020289986557,42.39832749282273,1.6959264776292975,48.70619188189359,0
28.24126445890016,81.55943465535495,7.524089173670406,60.625293775097745,1
21.046307272511292,34.96349988460187,17.70430221613204,76.48098009029954,0
17.32756919514748,45.89433891233949,1.6837650367192925,17.483862726041256,0
37.43039394883317,54.034915089313344,14.554261504406831,50.25660764634424,0
37.51045142908326,60.6088302947564,8.647076423823918,39.86630277723131,0
30.827536431831696,39.392778593206415,15.522887944186929,14.63739921622491,0
23.475744776217518,29.186945979136283,1.1435508453128214,36.753442229153144,0
23.73023936531652,68.8496033953306,21.788420153809408,6.817230938549357,0
33.14889197175599,43.09044425922046,24.337224229434923,2.5811906949486985,0
37.42775649881443,66.49905771380898,24.22194638214229,13.516628915482276,0
37.177160606627936,32.34901722193619,18.74129579357312,96.31151115891738,0
34.496888646440595,58.4912081483854,3.2521560032657995,54.952953589501696,0
31.050791153857194,62.60715460412687,18.956579898225563,96.582216115322,0
17.103499124876222,24.145882945794153,0.6146729114700378,43.2497878330132,0
19.040717852365344,46.92834225551365,0.5530887882249313,31.181613308525957,0
37.463854713176985,30.75317415511794,8.09025547873853,50.61418628402441,0
30.160726491489747,25.06999763782142,12.216079760116644,43.95116886329101,0
15.229926290415742,99.19681859119562,19.26018544519483,10.566468426174392,0
17.536788571650803,45.788307597977834,17.08238441516263,64.08263146902063,0
31.587544227701397,84.7899556683708,11.147567659418709,21.60381825095996,0
15.126539596155467,40.37125238110111,6.840666657041647,61.95879548978296,0
19.020201285437466,74.52021777791434,24.928112503942778,65.02010923981534,1
28.718344734164653,80.81822879117493,10.654532555899324,15.20248531286481,0
32.297379942317335,67.65109924862755,11.284675608241887,6.134962711066816,0
31.299031487565014,57.72609508401267,4.090595529791729,78.07615860684398,0
20.606732736513994,52.947273131781486,19.870238718748233,45.98004237693202,0
32.8044805336884,47.90946132343962,17.342055644537215,5.816379550547579,0
20.931227187420003,94.36233153982607,5.51924031971901,99.48663171697672,1
23.134992453981695,86.44955262301833,2.059526140396067,5.778056099636664,0
33.662285127950604,97.20215285332101,17.012482551867826,69.50352288585532,1
31.240822476180366,29.943777878843576,16.36278035702838,98.36789252634136,0
36.23058526235445,78.46939801629154,6.831488174955233,23.918010421592562,0
31.440322307508584,95.06723654568303,23.771589056260257,14.224936868719617,0
29.20771508338679,34.498645293252814,3.776447294522506,12.138493942242889,0
17.341869195702312,25.3197013893422,10.808370026065047,30.327514756759555,0
24.19289507648584,79.28965194320472,23.59039800418997,10.10458110106467,0
21.630059192043134,65.95784905439295,10.493182923153057,69.2161341694132,0
21.09974108447709,87.34630214066176,15.96314869160214,6.229179813006269,0
39.325263868811135,31.18179013010316,9.939859949069858,50.94221281497897,0
24.82744311666901,83.62138494879122,6.855380058716751,99.66968538529768,1
37.30116387942783,36.13018560381956,24.599441198995706,81.39702695060188,0
30.778465649931572,33.09247542925636,10.233350157876075,61.52194382310109,0
34.870282588541215,33.14126383447943,22.35248009197836,30.625362078661166,0
27.5659273276298,85.16597761851057,5.748865147277154,62.389583629163845,1
29.422597115658977,73.215777655696,5.327617600627082,52.70414639116516,1
27.312942345471598,61.845233981529546,0.778352072112784,42.60833838903715,0
19.881074694951113,48.7064387298802,16.291670634397125,13.071037674019948,0
33.06130288153763,90.17604326504866,9.213158593094029,88.66042152404667,1
22.019309061021396,51.395608593810834,21.608956245990925,44.97846488213225,0
15.607899160786346,85.32795515772617,11.83024766728893,19.462251182076507,0
31.136807397679195,55.13079268561747,24.20483569786804,36.77593508772896,0
19.427766985176223,50.155554353992606,4.638137892578029,41.4129752528927,0
38.51146460882286,57.01438285356851,21.71557919889027,82.75378955668742,0
38.84821442506468,44.110229933131365,19.414921319793542,73.3614380561402,0
37.871609755511216,79.80875041410009,19.2730461161013,76.93048936413398,1
24.25396750638611,60.217631207398334,21.119580702922192,1.1031264428647214,0
15.386415413221686,38.57701561174538,19.02559977357497,41.615399817976154,0
38.20796406469313,91.96596586196547,15.655508040785385,48.13441516353236,0
25.704603707932858,50.711297709856915,3.2811219420596895,1.9192276823056686,0
39.16637047609174,63.48422888911909,0.8131544872812979,25.98132087450342,0
39.09049942723132,92.51776887716376,23.02119619539217,76.0289823122135,1
36.325236386684,69.93903967311937,15.416257863018451,13.710970572899905,0
22.36122230173964,29.351843256669127,19.913432274404407,53.531013145259166,0
24.62744321504813,95.18656988907802,12.038058787813751,21.52018720172375,0
36.27841678792142,70.21664424571343,2.932704724059862,1.2120774643893273,0
22.923050128906944,46.79244917256689,3.129644805063761,24.12014575995415,0
19.237318667152312,31.141765813070982,17.139132180724285,97.58737549100537,0
28.920031561458753,83.52201514162368,10.757647372486566,80.15371118829896,1
38.40386935401952,69.60582047428107,5.013118167508418,95.95766443210334,0
32.400744916874324,62.67688735810572,12.289863668535922,48.785404392636245,0
29.251529252234125,91.51140664407662,1.6052234268783523,10.973619867750351,0
17.429412344269213,83.08777689796246,14.54928504785997,54.79594889736929,1
30.375180667479242,32.1339903786201,6.724835110877442,45.43773345599609,0
39.75134625260658,44.93776542364386,19.938977515929704,84.4357082739616,0
18.5021003809131,39.87913118515726,7.759048973089344,9.808258078424458,0
27.958241309093417,79.51570340581415,11.38050372704503,48.82411370217782,0
36.93432679819888,22.682594778862352,0.2905134977025159,15.004866469398426,0
33.51921544385511,65.59117478970532,1.811172194863972,32.467592689006,0
32.4253935248817,80.99669485925524,9.81233891016712,73.73570773877996,1
32.56210209967773,90.14125094093995,11.998470867928088,47.601812936876655,0
23.98727878049388,47.366539897272595,15.000513702982593,37.58882851457693,0
22.339796106612333,85.70058437376103,7.291564467732581,39.44762785700353,0
35.23402888696284,28.850538956416578,17.374547153163565,45.94467684059866,0
35.25283486697952,87.71618333876145,21.503059929730114,78.50165438370568,1
36.67680796450259,30.199092986558593,19.496274722333744,89.20846889402344,0
37.83101381391178,51.78298324482938,0.9904706337089286,95.53346865039283,0
27.783559971523445,83.78362926236429,12.012673681445724,78.6903386255295,1
27.53790736717999,31.993394187901902,2.6232544604543717,31.540689574801274,0
34.95737947416938,38.34011161861132,6.051125396563187,68.81347060865421,0
31.24909826944413,77.7802054714453,24.666564831678663,43.760312405539196,0
32.54917193144259,77.60292292368595,3.562388572537831,25.467062204605117,0
34.89481673590252,71.29181063082379,12.472203836283901,84.08715794259226,1
37.250133545439155,75.515875557368,15.453893357952978,3.8426348962324997,0
23.449878921288395,63.417955467807694,17.5616242636026,90.17619921354235,0
24.389573815998602,40.14392471255622,13.991217087172853,46.147746462473414,0
17.349548496021725,47.65567948031355,0.24427118547959148,63.72014768082804,0
29.45700352490435,34.527817344114055,8.161532706099797,65.93539222057827,0
15.898556844918552,92.67604490669027,12.942791084617786,89.51177407065364,1
26.639950453311506,66.67134358128963,2.196662478620834,63.66696821672073,0
28.566115867689415,52.06811334109119,8.76567328022952,61.39335847600618,0
22.163531303207108,56.96046429153061,0.8300777197841641,6.665204056068996,0
29.770831514225268,95.78266716894522,1.9644624288755186,51.84080219452041,1
15.762506248476235,32.26811224928642,9.923081905039902,15.016900081704165,0
15.933704718730361,66.89838656134378,3.3178938510765086,73.74337687214856,0
35.56501401649146,60.47109431075728,14.188521206538955,51.22219208126745,0
24.00476603528157,68.91633883477184,17.236624228431644,68.02277792083532,0
18.17651281629712,21.44881470566724,20.014667477727073,4.167290060238427,0
28.05608150137011,89.76991271553212,5.003756106120252,8.479201604580322,0
34.24983882746527,94.56946259868899,4.187064556476744,71.63233880626822,1
20.395525687421078,65.21065468713672,2.614196008360006,7.208433599867337,0
30.57226189547501,75.73206591015138,15.910756238590917,7.12567277652586,0
17.1336866248442,93.79995049418366,17.66189316217253,1.210847523488745,0
16.292043029215193,76.57909074507188,0.7896536206410509,95.65013982994802,1
28.283865789203702,32.20312343314091,23.405306156092244,73.75083594590069,0
28.515878040252662,66.10306881334506,1.2992820912868104,35.32514085020642,0
30.935747537455164,68.53720371062848,13.53240838252676,29.65355812876552,0
33.15228334306654,53.93045370419088,17.726512986272912,34.97032297458495,0
39.396301986563365,78.91553884997782,21.77422809365214,77.46535311811819,1
27.907508707529885,94.74936118152118,17.852173303310696,66.13706110704143,1
23.073911823531148,94.04548103254211,20.043202076744794,18.519556786746794,0
34.87965486921759,56.06714971233057,8.486254813570152,17.410933533408436,0
21.770806281551856,29.05904366726042,20.370627843662806,9.839564971339732,0
25.9742855176409,98.78729591698676,2.0028711596168787,66.03027197013381,1
16.961409533556647,87.11184691567473,22.37041640151319,76.43726622217359,1
15.633768585386438,29.97301449626135,13.689809403843405,26.5046428325004,0
39.06621036694813,93.66735060938979,20.432444249062343,2.094496103091281,0
35.89950301280514,89.59170896497027,11.307957112957503,8.217166747642734,0
32.39935515234245,61.50704457008577,16.089442379913123,96.78600348450304,0
25.223823610356746,67.30203485959434,13.160066523402831,29.544477747742025,0
19.332358001771144,51.920216309610424,18.289738043883297,76.92231478381336,0
18.91092606677715,24.380931105762507,2.0407495507647395,62.46635688542638,0
21.256072454114882,46.815779331672076,1.508802099764095,38.19396396528959,0
28.730666617653014,84.22827588784091,6.177580850253661,20.56872621955551,0
32.86489806750156,20.37056184036823,3.9886170028297085,12.138641815940643,0
31.504934417943282,46.679933735291534,21.794589164805043,61.50129680388666,0
21.99834742364857,51.85349548727547,5.480349683951108,77.4633780637788,0
38.87163201657985,62.99164823503383,24.396631395478284,64.39042535411306,0
33.44742291739421,93.58844931302085,8.422394794277672,53.030213324915835,1
28.858851312785017,47.707679549276904,4.552947892217482,4.195122343163627,0
30.293018655858805,47.75625615169822,19.742462678561978,96.84887775943838,0
25.490001560694747,79.00009984877987,16.467694387521902,79.87141916545745,1
21.193274737528938,56.17743527118457,12.454892911328475,29.282203670096475,0
23.89931696628154,37.96838583519856,13.88408877344078,97.99703293588506,0
33.94615276160923,56.195161290615474,17.980044456806596,60.18815896363221,0
15.359837215743896,31.26856163038399,5.711368533282468,58.24226582072465,0
17.901816012672906,34.110958920497865,24.908347901418548,74.8073179429532,0
16.15006605054382,59.869421819158376,24.369829053669577,81.17697880901376,0
16.018220057974254,53.514035960363834,16.258142158673422,65.64786073315027,0
36.38651460027518,93.187672085448,4.988561273228628,12.809574636620003,0
32.591446484500594,48.99151192933065,17.005706060782284,33.82675059944984,0
26.85434572718313,66.44706802224349,1.804960224479396,92.80836403260497,0
17.445854016275035,70.58114303356243,0.7663125551451516,22.461561184385193,0
27.29039687792081,21.04755652706669,6.442072212780342,37.21670238375133,0
26.836794269514144,73.08298976133685,11.565573918482908,43.2076882944196,0
19.33004674775038,34.24287734958011,21.706812635209513,43.940498969445215,0
25.846291230949326,96.88562539755641,18.1792267441577,61.29395824945255,1
24.962618359934336,31.893018220249036,18.567663029999526,94.30758377447076,0
30.39625245130541,53.1699298981619,10.637333361201884,24.069271183250496,0
30.877341271691094,26.82797344629151,8.648374813674073,12.150137630091805,0
16.132600244301113,99.74994014767579,9.275969074615068,19.747048985993732,0
24.36531536566178,60.175600826499405,24.691239093401446,88.69249002092695,0
30.646497892855912,67.6308013856035,1.002729785312062,64.5810812655206,0
27.578406464502194,25.3661181910742,21.675787403061214,28.590678923916013,0
36.41224602970806,79.99683763193423,14.466885214309835,81.59469389686173,1
31.467340790473624,36.792447447646865,10.965385479739762,86.1369996363436,0
19.073360677035744,91.84434315525709,18.131441510378412,84.6514338690278,1
16.764218685010746,36.41117123856057,12.166723535617571,91.89265336395545,0
31.06048195515789,35.255017653093326,21.835580952041514,25.224102017336158,0
15.662782763540545,22.923973427847592,22.517546600281463,75.50419287462783,0
29.64438953183658,57.765355608799936,10.543023171836385,46.053949727414,0
38.50575603562394,65.18729066100931,6.920694930876289,84.19985528900615,0
29.386854446896976,25.25669115426819,14.808758214834056,72.84906771616131,0
24.70424815516305,82.04220933560084,22.809083640417274,77.64474464997247,1
31.08220546105883,56.26310677984221,5.266554725141664,65.61618376810715,0
26.456322262287916,61.951221546206405,15.574164589087069,17.742876946970686,0
28.640419732898373,55.26101975505825,15.789005502313014,54.502691889693835,0
38.53662021941313,52.06104487002608,18.327825560382024,98.46697395245081,0
24.652565945019354,64.77122650465743,3.289192128181495,93.73880664971189,0
39.029764095597855,32.419219674457,17.895624117052215,4.317373579701167,0
37.63376604890159,34.55425043962169,22.725813016641023,16.481481572943714,0
19.89477836973241,88.94284968108138,4.492077721756049,13.172877345456191,0
16.734032521879136,95.68923697069062,5.938583123096941,72.59799099852955,1
17.519450034435668,49.864745302380236,24.28487735104099,81.77853298569451,0
15.455545641288744,41.6595738514843,4.524423817737244,21.35113663106719,0
17.36107401889821,71.51996345912126,21.359627334239477,50.5852692951829,1
32.07516933540892,52.698733687847714,12.306946411200869,84.07030280112,0
16.779716211505725,22.03090845282759,6.180776860079426,73.28015447662506,0
22.974390757344032,32.49220778929523,21.768747531812785,54.223720549184826,0
36.12188277423637,77.2777783077918,11.132631375066637,59.03476904587729,1
15.581798393395646,72.71391535281211,12.870433848242255,50.83605469162799,1
35.36171206472339,22.16767940027868,8.980834234994143,29.754845131882057,0
22.046369369334997,37.75777295463595,14.823771285873185,56.50219928590161,0
17.954120690541405,38.48598372704571,4.088096814625569,68.88853020500906,0
32.41842913410377,73.75141948789827,9.777038416294017,87.33229158608077,1
30.7235711694971,21.57684302034913,24.235308058382188,63.629135397924806,0
36.936800338176326,28.32868655876591,6.453335817528188,76.1121537043158,0
33.37677609509714,83.99328682985515,16.418416613532305,16.0071634954573,0
35.08702325962122,34.28357296434669,8.129751605617372,46.15574744197899,0
22.050864314282663,72.21968862814998,19.336828142165015,0.9331619827093296,0
19.43598859449307,39.05462248373812,3.2718415179587454,24.667886452162303,0
33.76536879102146,27.955311420747613,24.245526126963618,72.64617151130048,0
35.1708684816816,39.453775279956325,11.34473853459098,99.18099513493634,0
39.76262855001683,77.78135454845273,5.901261583661599,9.917809958721591,0
25.315441922785663,88.45571744850287,1.8374186832503163,40.14943158612883,0
24.30045214481958,86.41758916535933,4.243947627188518,80.00709686991596,1
34.41032401854992,51.77468236947639,12.994348713900441,20.403563462889885,0
23.520088506325447,73.44681092565169,8.425079410782157,55.50849493022862,1
38.26893314008912,36.39874363326568,20.722084147065235,73.30712960296748,0
36.4603187960753,43.45181842088106,10.772188091545148,61.5985450260179,0
25.72485068437546,91.70686548168958,6.217856814690748,18.802473461541613,0
33.771776694787434,21.04015388085888,15.42862466510075,35.538456868573945,0
33.86357185211706,26.840682468357446,17.669430422136145,78.37917844853972,0
17.578096720898316,36.630900411682184,4.176047697523747,55.42265141320166,0
37.56382266698917,22.122576309905575,4.190480407207941,0.5229613542912737,0
27.63130931119643,34.51483480718379,0.9167856733385743,76.09907600280938,0
35.66143665269354,66.64332487757537,18.410050376641014,3.531135494023907,0
23.00124002576529,53.713964047399834,16.595113190545128,74.57337827312321,0
37.388080712405014,91.41373688615799,11.865771893745347,20.24805601652374,0
24.73004196835408,85.39548493907527,21.10426122422993,95.80734801193802,1
15.270941287007458,47.34538813583008,20.14175382375133,36.79407513020845,0
37.63454941048159,40.7538746745034,14.633859109918804,32.69316163380791,0
17.28216691965334,50.375392653381354,21.706782012831464,14.888805033244468,0
22.982840939760372,67.22359540118461,5.146030250919206,30.560421549021488,0
38.751549176270125,41.4450912658301,2.797990484943197,87.66507618282006,0
38.7651786734389,69.93191262793073,6.743740287924741,99.63343376272474,0
29.335947203082153,52.752932175299236,1.4271714022328714,36.83095305068483,0
30.795930304244983,64.16377446815842,13.2792382000258,44.861063095454256,0
26.211138049457993,54.890122330825335,23.415142307374037,72.2070938202737,0
22.330269292451614,43.55726076335341,0.9835885167127412,88.61957804650746,0
23.2166136342479,95.87626455697253,3.05274785025067,59.304433418678414,1
31.81296140192596,81.08846353278086,11.304975707085882,39.15256981778293,0
33.809363235942,31.209054061316202,23.34687543819762,41.262184084862376,0
34.78947609314621,89.47743807183302,7.9039026244187625,69.56181464968068,1
34.740453569863845,58.99449585996109,12.680870217209812,0.32182636042786816,0
17.280152576217258,91.56417815152732,1.0393214762598024,61.95893374598407,1
27.360507617564537,83.98842047578522,3.7085800240522215,35.54930104413574,0
16.438969000416108,54.017080357538674,24.66575307397117,79.41973312770843,0
28.73822205809339,21.797544665609394,24.12796741090114,9.299063982313216,0
26.038262534334425,41.494188750795686,0.12349952336024039,58.82022669483905,0
37.19260456895749,63.330737172869355,23.795294635580973,48.09728898861238,0
23.77287531380197,70.67825758609177,15.97799844538751,64.23255259052274,1
17.926675410690148,40.631014834656185,21.697957363000555,6.485359448296835,0
18.574792051320898,31.14848592582593,11.368496390846477,57.99837874281313,0
34.03776579293681,86.79441894394392,12.889900714481255,56.14845879595237,1
30.455451582906527,98.75217445628417,12.221164506423005,56.06600944161709,1
17.528066903069757,62.055214584214866,16.67160643865261,60.34876665964548,0
17.102670152874936,33.73434286786428,3.4912813689078224,67.64679372263622,0
32.524228286478,41.784586121549516,0.7493397468169488,80.49889996807697,0
16.819075159104838,21.471254123797337,7.698248539779772,26.982072012821433,0
35.546501482258904,93.14390452483993,17.617019068416166,82.5049410180062,1
32.65605567891241,29.42008663121129,5.046336303073709,49.82556822634536,0
17.033719516047494,66.12131804114028,16.835810833122935,7.705827913433117,0
17.120942852129797,41.92441765497648,24.24780115268176,5.85509292439792,0
39.66598946252938,64.33424020126347,2.34751789473546,33.42383186960608,0
24.356769893903007,72.11363106814915,16.815052955628158,78.48969771114676,1
24.26605367667227,86.37934429657614,11.093755482614279,70.76809347409157,1
35.31998918143756,36.513701740848255,21.703556359437634,78.86149646724064,0
38.68121443459647,20.879666292678436,4.4287447361846475,51.72690564416094,0
39.650026595571774,30.950850405504582,17.315648805654114,44.01989979554906,0
33.83445463147354,92.0014913478484,20.952882241202754,14.745252670628394,0
24.406489638272895,89.91120620500122,23.615355486850582,32.81927536093116,0
17.08751791746672,67.79304817362467,17.081200707241145,43.40193661738753,0
34.42867289818592,68.04134883469227,12.429369100210682,8.860042967961723,0
28.960106243395124,73.20293396370045,15.446181005030347,22.061195271121125,0
25.605550231174405,34.02970228987597,21.722624611967955,59.82252940637388,0
37.6588596273684,93.15295567399679,14.265243665970742,73.56631142391899,1
17.779937057653783,53.50164199136585,0.7596764924209215,99.83475113929497,0
27.31562760727148,50.65108225995979,23.273717387674445,93.31133313435576,0
15.283841119185476,61.513416422627,17.238168775789028,64.25651995351916,0
26.716516049853155,23.757277342004404,16.912834644431165,42.1248053294072,0
16.407581892045933,33.30266950048635,5.391878809942929,63.617736470823274,0
17.9704479067018,79.04268931410964,16.47213675581643,78.56516180802319,1
17.93815616942762,26.623893434010117,9.846610141353962,11.833619092338733,0
31.230257552901588,68.25216875731105,16.280824426037302,40.99048896962883,0
33.65112198163558,39.627928774505676,2.6648257576997683,83.98022856356172,0
29.58421912742899,51.143649123358124,16.4461326150759,38.3832951933044,0
39.05431371186354,43.09549894165599,24.985343144266665,57.18722712271865,0
24.3717644880926,48.45381731719593,1.2053009715139007,58.77693608621982,0
22.142802157046518,77.52367241473964,24.429354605532932,18.447625313363936,0
36.71497820473651,43.769737249854,10.172699018071766,36.22354416522884,0
20.589895962986315,65.31237122375177,21.768836258431477,33.451128874193216,0
39.08056348601528,58.08403217592797,19.559637101456836,2.6196708532064794,0
15.30386186724541,73.09369322901185,14.175406524666695,2.4191763891355245,0
39.246970667690974,94.94637914598064,18.461230231283164,83.16970436757735,1
16.0789977987644,78.60576777682002,21.9628890325337,27.30708099728124,0
37.27857784245178,37.19523028726054,10.103508041275825,51.80787662388154,0
28.192527727157497,22.494650804902776,8.175829039080968,29.872557358877305,0
39.82411990298251,40.98112354398601,16.689834639089618,94.06792451153404,0
16.84491411838497,67.60623445602039,20.196148548531465,25.929675886577375,0
28.84635711003302,24.114065078740026,19.057128369415395,42.96568127389351,0
39.23256339047747,59.70929977609891,19.945341221465863,87.27302504846018,0
28.07744610425372,67.74742791335115,10.889582870323325,84.19335667918087,0
30.73496595338156,46.73951126535687,20.44585540437554,18.610141784627732,0
32.39371722461543,81.67297629966575,3.005226384265211,80.26433097957104,1
26.36352661919433,28.527860250701742,13.612227449021239,45.81868867378927,0
30.688952002101587,26.0110225388647,0.14396651245303926,48.29688720853552,0
29.607857798077504,78.25510049628826,8.114645747506758,13.347997241594378,0
37.52895026227472,59.63930529649588,9.161538371784946,8.060151375712465,0
16.136159508536448,75.07219171421889,9.904317290231385,72.79393069737652,1
22.024079739805757,54.7861870882997,17.386680167246553,49.646115235529976,0
38.76028710191397,39.712162659128545,9.713952531758643,43.68507026151796,0
37.25659459727291,85.52818541393597,11.217340565563266,72.95082286523967,1
26.391418819642823,83.95327031751833,5.938603271858186,76.55128989911097,1
30.50331494503842,75.57571766835414,9.331294790733502,15.890816766935355,0
21.934529574528316,41.771610978397014,5.681740681578787,61.02251494776413,0
19.703028993094033,67.21845334952697,1.829898094211091,13.535408227768553,0
26.592460123499556,48.87791175520214,15.086214834534447,75.13750860290457,0
23.833805700651318,27.326565866130732,16.705319963875407,65.69551562671396,0
29.5914027962718,93.38508603697943,15.487258650240362,95.6614621083458,1
16.94336592412462,30.945490473516912,11.58735109501431,6.895801635642118,0
39.35987019165417,96.0189883056642,9.494644504480746,5.705472115125431,0
39.65526861199007,55.68046183663646,21.58334123929563,28.218707469320016,0
